layer,p
0,0.5
1,0.49600002
2,0.52000004
3,0.47400004
4,0.48200002
5,0.47800002
6,0.48400003
7,0.51000005
8,0.554
9,0.55
10,0.59000003
11,0.59000003
12,0.55
13,0.554
14,0.56
15,0.568
16,0.574
17,0.56200004
18,0.554
19,0.544
20,0.54200006
21,0.536
22,0.52000004
23,0.53400004
24,0.53000003
25,0.518
26,0.52400005
27,0.522
28,0.522
