layer,p
0,0.5
1,0.528
2,0.48200002
3,0.53000003
4,0.53400004
5,0.53400004
6,0.554
7,0.51000005
8,0.53800005
9,0.532
10,0.49400002
11,0.43600002
12,0.358
13,0.44400004
14,0.48400003
15,0.45400003
16,0.42600003
17,0.39200002
18,0.36800003
19,0.38000003
20,0.354
21,0.35200003
22,0.34
23,0.344
24,0.35000002
25,0.34800002
26,0.358
27,0.4
28,0.39200002
