layer,p
0,0.5
1,0.51166666
2,0.51273334
3,0.5464667
4,0.5788668
5,0.51860005
6,0.53139997
7,0.54806674
8,0.57446665
9,0.5819334
10,0.6692667
11,0.6590001
12,0.72859997
13,0.7130001
14,0.71966666
15,0.7119334
16,0.76220006
17,0.7330001
18,0.7427333
19,0.71940005
20,0.7028667
21,0.71466666
22,0.71086675
23,0.7135334
24,0.7106001
25,0.70113343
26,0.7084667
27,0.6988667
28,0.6922
