layer,p
0,0.3333334
1,0.32033336
2,0.286
3,0.349
4,0.32566667
5,0.3216667
6,0.3
7,0.2906667
8,0.32333335
9,0.32733336
10,0.33566672
11,0.31933334
12,0.33433336
13,0.33200002
14,0.36433336
15,0.36533332
16,0.3886667
17,0.39833334
18,0.38933337
19,0.3946667
20,0.393
21,0.39466667
22,0.397
23,0.40733334
24,0.40033334
25,0.41133335
26,0.39633337
27,0.38933334
28,0.40600002
