layer,p
0,0.3333334
1,0.326
2,0.35733336
3,0.32366666
4,0.4106667
5,0.29233336
6,0.29566666
7,0.3126667
8,0.305
9,0.27433336
10,0.28033334
11,0.32533336
12,0.31766668
13,0.32433334
14,0.30533335
15,0.29933336
16,0.27833337
17,0.27400002
18,0.2676667
19,0.26833335
20,0.2766667
21,0.28766668
22,0.27400002
23,0.2876667
24,0.28966668
25,0.2776667
26,0.28033334
27,0.28133333
28,0.28433335
