layer,p
0,0.5
1,0.52000004
2,0.508
3,0.48600003
4,0.45400003
5,0.45600003
6,0.45400003
7,0.47000003
8,0.462
9,0.448
10,0.49
11,0.476
12,0.50600004
13,0.54
14,0.56600004
15,0.54
16,0.54200006
17,0.554
18,0.544
19,0.5235
20,0.55200005
21,0.55600005
22,0.55550003
23,0.55200005
24,0.53400004
25,0.52400005
26,0.53000003
27,0.544
28,0.53400004
