pic,p
0,0.0
1,0.022000015
2,0.05400002
3,0.03399998
4,-0.01000005
5,-0.0039999485
6,0.028000057
7,0.013999999
8,-0.029999971
9,-0.0019999743
10,-0.030000031
11,-0.00999999
12,0.037999988
13,-0.0019999743
14,-0.008000016
15,0.015999973
16,-0.023999989
17,0.025999963
18,-0.012000024
19,0.017999947
