pic,p
0,0.0
1,-0.0016000271
2,0.021466613
3,0.029199958
4,0.05213338
5,0.041733384
6,0.04879999
7,0.059333384
8,0.06653339
9,0.07826668
10,0.07800007
11,0.0861333
12,0.09200007
13,0.0692001
14,0.09293342
15,0.097866654
16,0.09253323
17,0.089333296
18,0.09226668
19,0.09706664
