pic,p
0,0.0
1,0.038000017
2,0.0019999743
3,0.03999996
4,0.06400001
5,0.0019999743
6,0.0020000339
7,0.07200003
8,0.060000002
9,0.051999986
10,0.029999971
11,0.066000015
12,0.037999988
13,0.07999998
14,0.007999957
15,0.09200001
16,0.08000001
17,0.06799999
18,0.047999978
19,0.05400002
