pic,p
0,0.0
1,-0.009000003
2,0.02366668
3,0.035333365
4,0.0036666691
5,0.046333313
6,-0.007333368
7,0.0123333335
8,0.0056666434
9,0.034999967
10,0.026333332
11,0.03333333
12,0.029333353
13,0.045666665
14,0.02333334
15,0.07066667
16,0.06733337
17,0.045000017
18,0.029666662
19,0.056333363
