pic,p
0,0.0
1,-0.018666685
2,-0.03433332
3,-0.002000004
4,-0.0023333132
5,0.01666668
6,-0.04066667
7,0.043000013
8,0.010666698
9,0.0033333898
10,0.031333297
11,0.022333354
12,0.046333313
13,0.06666669
14,0.04366666
15,0.023000002
16,0.04066667
17,0.048333377
18,0.05399999
19,0.069000006
