layer,p
0,0.499
1,0.50100005
2,0.50100005
3,0.499
4,0.499
5,0.499
6,0.499
7,0.499
8,0.499
9,0.499
10,0.499
11,0.499
12,0.499
13,0.499
14,0.499
15,0.499
16,0.499
17,0.499
18,0.499
19,0.499
20,0.499
21,0.499
22,0.499
23,0.49800003
24,0.483
25,0.314
26,0.349
27,0.305
28,0.37800002
