layer,p
0,0.53000003
1,0.53000003
2,0.53000003
3,0.53000003
4,0.53000003
5,0.53000003
6,0.53000003
7,0.53000003
8,0.53000003
9,0.53000003
10,0.53000003
11,0.53000003
12,0.53000003
13,0.531
14,0.53400004
15,0.52900004
16,0.54
17,0.531
18,0.535
19,0.535
20,0.526
21,0.512
22,0.513
23,0.52000004
24,0.517
25,0.51000005
26,0.526
27,0.527
28,0.514
