layer,p
0,0.505
1,0.49400002
2,0.492
3,0.505
4,0.49500003
5,0.50100005
6,0.52500004
7,0.505
8,0.53900003
9,0.52000004
10,0.513
11,0.514
12,0.523
13,0.52000004
14,0.49500003
15,0.5
16,0.507
17,0.508
18,0.48700002
19,0.483
20,0.522
21,0.522
22,0.49300003
23,0.49
24,0.523
25,0.51100004
26,0.521
27,0.505
28,0.51100004
