layer,p
0,0.521
1,0.492
2,0.523
3,0.532
4,0.46500003
5,0.48400003
6,0.51600003
7,0.48800004
8,0.51100004
9,0.521
10,0.49400002
11,0.46400002
12,0.497
13,0.49100003
14,0.47500002
15,0.47900003
16,0.476
17,0.476
18,0.47900003
19,0.47900003
20,0.476
21,0.476
22,0.47900003
23,0.476
24,0.476
25,0.47700003
26,0.48200002
27,0.518
28,0.499
