layer,p
0,0.505
1,0.49500003
2,0.492
3,0.505
4,0.49500003
5,0.5
6,0.52400005
7,0.505
8,0.53900003
9,0.537
10,0.513
11,0.51000005
12,0.507
13,0.597
14,0.509
15,0.56
16,0.578
17,0.563
18,0.531
19,0.52900004
20,0.595
21,0.58500004
22,0.49500003
23,0.537
24,0.58900005
25,0.57900006
26,0.545
27,0.522
28,0.53300005
