layer,p
0,0.344
1,0.344
2,0.344
3,0.35300002
4,0.34300002
5,0.344
6,0.344
7,0.344
8,0.344
9,0.344
10,0.344
11,0.344
12,0.34600002
13,0.54800004
14,0.485
15,0.58400005
16,0.59000003
17,0.57500005
18,0.559
19,0.582
20,0.48000002
21,0.483
22,0.527
23,0.554
24,0.522
25,0.50600004
26,0.40600002
27,0.32900003
28,0.41700003
