layer,p
0,0.51100004
1,0.51100004
2,0.51100004
3,0.51100004
4,0.517
5,0.46800002
6,0.48900002
7,0.47000003
8,0.50100005
9,0.485
10,0.47000003
11,0.441
12,0.328
13,0.367
14,0.14400001
15,0.19500001
16,0.106000006
17,0.08400001
18,0.096
19,0.078
20,0.20700002
21,0.259
22,0.127
23,0.14600001
24,0.1
25,0.089
26,0.097
27,0.147
28,0.101
