layer,p
0,0.51100004
1,0.51100004
2,0.51100004
3,0.51100004
4,0.522
5,0.48400003
6,0.48900002
7,0.503
8,0.51600003
9,0.48400003
10,0.485
11,0.47000003
12,0.40600002
13,0.628
14,0.79300004
15,0.67600006
16,0.80300003
17,0.86600006
18,0.80200005
19,0.878
20,0.69100004
21,0.642
22,0.84700006
23,0.813
24,0.79300004
25,0.85600007
26,0.89900005
27,0.671
28,0.89800006
