layer,p
0,0.50200003
1,0.50200003
2,0.50200003
3,0.50200003
4,0.504
5,0.49800003
6,0.49300003
7,0.47300002
8,0.53900003
9,0.49
10,0.43500003
11,0.43500003
12,0.41900003
13,0.462
14,0.453
15,0.47700003
16,0.44500002
17,0.47500002
18,0.46300003
19,0.46500003
20,0.45100003
21,0.47200003
22,0.45200002
23,0.469
24,0.47400004
25,0.46
26,0.476
27,0.48700002
28,0.49400002
