layer,p
0,0.349
1,0.337
2,0.337
3,0.314
4,0.314
5,0.314
6,0.314
7,0.314
8,0.314
9,0.314
10,0.314
11,0.314
12,0.314
13,0.314
14,0.314
15,0.314
16,0.314
17,0.31500003
18,0.31500003
19,0.314
20,0.29700002
21,0.30600002
22,0.30600002
23,0.296
24,0.296
25,0.25
26,0.317
27,0.335
28,0.356
