layer,p
0,0.32900003
1,0.32900003
2,0.32900003
3,0.342
4,0.342
5,0.342
6,0.342
7,0.342
8,0.342
9,0.342
10,0.342
11,0.342
12,0.342
13,0.342
14,0.342
15,0.344
16,0.344
17,0.34500003
18,0.34600002
19,0.344
20,0.34
21,0.342
22,0.342
23,0.37600002
24,0.35700002
25,0.363
26,0.342
27,0.36
28,0.45700002
