layer,p
0,0.34
1,0.33400002
2,0.33400002
3,0.326
4,0.326
5,0.326
6,0.326
7,0.326
8,0.326
9,0.326
10,0.326
11,0.326
12,0.326
13,0.326
14,0.326
15,0.326
16,0.326
17,0.326
18,0.326
19,0.326
20,0.333
21,0.333
22,0.333
23,0.284
24,0.31300002
25,0.323
26,0.287
27,0.26700002
28,0.324
