layer,p
0,0.507
1,0.497
2,0.503
3,0.497
4,0.497
5,0.437
6,0.48100004
7,0.43800002
8,0.46800002
9,0.504
10,0.49500003
11,0.53800005
12,0.50600004
13,0.50600004
14,0.51100004
15,0.51600003
16,0.509
17,0.50100005
18,0.50100005
19,0.5
20,0.505
21,0.508
22,0.51000005
23,0.503
24,0.499
25,0.49500003
26,0.522
27,0.51600003
28,0.51500005
