layer,p
0,0.48000002
1,0.499
2,0.53000003
3,0.51900005
4,0.45700002
5,0.48000002
6,0.45400003
7,0.47300002
8,0.48000002
9,0.48000002
10,0.48000002
11,0.48000002
12,0.48000002
13,0.48000002
14,0.48100004
15,0.48000002
16,0.47900003
17,0.47900003
18,0.462
19,0.48000002
20,0.47900003
21,0.47900003
22,0.48000002
23,0.446
24,0.437
25,0.407
26,0.40800002
27,0.39900002
28,0.39900002
