layer,p
0,0.33600003
1,0.32700002
2,0.32700002
3,0.337
4,0.337
5,0.337
6,0.337
7,0.337
8,0.337
9,0.337
10,0.337
11,0.337
12,0.337
13,0.337
14,0.337
15,0.337
16,0.337
17,0.33800003
18,0.33800003
19,0.337
20,0.34
21,0.337
22,0.337
23,0.34500003
24,0.34300002
25,0.33400002
26,0.32700002
27,0.32700002
28,0.333
