layer,p
0,0.48000002
1,0.497
2,0.52900004
3,0.521
4,0.462
5,0.47700003
6,0.46400002
7,0.47800002
8,0.48000002
9,0.48000002
10,0.48000002
11,0.48000002
12,0.48000002
13,0.48000002
14,0.48000002
15,0.48100004
16,0.48000002
17,0.49100003
18,0.549
19,0.48000002
20,0.483
21,0.483
22,0.48000002
23,0.58500004
24,0.601
25,0.62600005
26,0.661
27,0.65500003
28,0.64900005
