layer,p
0,0.32900003
1,0.32900003
2,0.32900003
3,0.342
4,0.342
5,0.342
6,0.342
7,0.342
8,0.342
9,0.342
10,0.342
11,0.342
12,0.342
13,0.342
14,0.342
15,0.34500003
16,0.34500003
17,0.344
18,0.344
19,0.344
20,0.335
21,0.33800003
22,0.33800003
23,0.32200003
24,0.32500002
25,0.27600002
26,0.312
27,0.28100002
28,0.23900001
