layer,p
0,0.5
1,0.521
2,0.48700002
3,0.47500002
4,0.47700003
5,0.507
6,0.509
7,0.523
8,0.52500004
9,0.54700005
10,0.60700005
11,0.595
12,0.59300005
13,0.601
14,0.60700005
15,0.62100005
16,0.623
17,0.619
18,0.619
19,0.597
20,0.597
21,0.59900004
22,0.58900005
23,0.58900005
24,0.58900005
25,0.58500004
26,0.58100003
27,0.583
28,0.57900006
