layer,p
0,0.5
1,0.47300002
2,0.51900005
3,0.499
4,0.47900003
5,0.49500003
6,0.51100004
7,0.469
8,0.48350003
9,0.485
10,0.47700003
11,0.467
12,0.505
13,0.499
14,0.46300003
15,0.497
16,0.513
17,0.527
18,0.55300003
19,0.541
20,0.541
21,0.563
22,0.521
23,0.513
24,0.521
25,0.531
26,0.53300005
27,0.535
28,0.505
