layer,p
0,0.5
1,0.51500005
2,0.48700002
3,0.47300002
4,0.47700003
5,0.499
6,0.48700002
7,0.51500005
8,0.53900003
9,0.523
10,0.577
11,0.56100005
12,0.569
13,0.523
14,0.563
15,0.563
16,0.565
17,0.535
18,0.54300004
19,0.51500005
20,0.51900005
21,0.51900005
22,0.509
23,0.51900005
24,0.521
25,0.509
26,0.50100005
27,0.51500005
28,0.497
