layer,p
0,0.5
1,0.51000005
2,0.49400002
3,0.52000004
4,0.606
5,0.46
6,0.558
7,0.56200004
8,0.638
9,0.63600004
10,0.82600003
11,0.67800003
12,0.786
13,0.75000006
14,0.59000003
15,0.554
16,0.74600005
17,0.48200002
18,0.47800002
19,0.42000002
20,0.35200003
21,0.37600002
22,0.358
23,0.374
24,0.374
25,0.372
26,0.386
27,0.36600003
28,0.33800003
