layer,p
0,0.5
1,0.52500004
2,0.541
3,0.597
4,0.63100004
5,0.559
6,0.56100005
7,0.591
8,0.633
9,0.609
10,0.757
11,0.799
12,0.88500005
13,0.883
14,0.887
15,0.887
16,0.91300005
17,0.915
18,0.9110001
19,0.9110001
20,0.90900004
21,0.90900004
22,0.90900004
23,0.9110001
24,0.90700006
25,0.9110001
26,0.9110001
27,0.9110001
28,0.90700006
