layer,p
0,0.5
1,0.526
2,0.52000004
3,0.48600003
4,0.528
5,0.554
6,0.51000005
7,0.53800005
8,0.50600004
9,0.49
10,0.512
11,0.51000005
12,0.59400004
13,0.53000003
14,0.48600003
15,0.448
16,0.47400004
17,0.512
18,0.53800005
19,0.47000003
20,0.47800002
21,0.50600004
22,0.52000004
23,0.536
24,0.55
25,0.55200005
26,0.528
27,0.53400004
28,0.54
