layer,p
0,0.5
1,0.45400003
2,0.46600002
3,0.46
4,0.48400003
5,0.522
6,0.51600003
7,0.50200003
8,0.57000005
9,0.55600005
10,0.56200004
11,0.568
12,0.596
13,0.71000004
14,0.836
15,0.85600007
16,0.87000006
17,0.90000004
18,0.90800005
19,0.90200007
20,0.906
21,0.90200007
22,0.89800006
23,0.89800006
24,0.90200007
25,0.91
26,0.90800005
27,0.906
28,0.906
