layer,p
0,0.5
1,0.48800004
2,0.49800003
3,0.546
4,0.628
5,0.52400005
6,0.54800004
7,0.60800004
8,0.66
9,0.666
10,0.81000006
11,0.72400004
12,0.84000003
13,0.86600006
14,0.90000004
15,0.89400005
16,0.906
17,0.91600007
18,0.91600007
19,0.91400003
20,0.91400003
21,0.91600007
22,0.91200006
23,0.90800005
24,0.90800005
25,0.906
26,0.90400004
27,0.906
28,0.90800005
