layer,p
0,0.5
1,0.483
2,0.54300004
3,0.51900005
4,0.59300005
5,0.51500005
6,0.55700004
7,0.583
8,0.591
9,0.63900006
10,0.77900004
11,0.68700004
12,0.90700006
13,0.915
14,0.91700006
15,0.915
16,0.92700005
17,0.93100005
18,0.92700005
19,0.919
20,0.91700006
21,0.92100006
22,0.915
23,0.91300005
24,0.91300005
25,0.90900004
26,0.9110001
27,0.90500003
28,0.90700006
