layer,p
0,0.5
1,0.49100003
2,0.503
3,0.51900005
4,0.591
5,0.54300004
6,0.569
7,0.60300004
8,0.569
9,0.67300004
10,0.753
11,0.71500003
12,0.87100005
13,0.855
14,0.809
15,0.80700004
16,0.86500007
17,0.65300006
18,0.66700006
19,0.58100003
20,0.507
21,0.535
22,0.513
23,0.545
24,0.53900003
25,0.513
26,0.52900004
27,0.48700002
28,0.439
