layer,p
0,0.5
1,0.52400005
2,0.574
3,0.596
4,0.62200004
5,0.60800004
6,0.60200006
7,0.59400004
8,0.63600004
9,0.63600004
10,0.73800004
11,0.77000004
12,0.79
13,0.78200006
14,0.67
15,0.634
16,0.804
17,0.60400003
18,0.638
19,0.586
20,0.55600005
21,0.58000004
22,0.58400005
23,0.596
24,0.58000004
25,0.578
26,0.592
27,0.57000005
28,0.55200005
