layer,p
0,0.5
1,0.49400002
2,0.504
3,0.544
4,0.628
5,0.492
6,0.55
7,0.614
8,0.62600005
9,0.582
10,0.75600004
11,0.62600005
12,0.684
13,0.60200006
14,0.51000005
15,0.45600003
16,0.716
17,0.41400003
18,0.39800003
19,0.29200003
20,0.27600002
21,0.30200002
22,0.30600002
23,0.30800003
24,0.30400002
25,0.30800003
26,0.32200003
27,0.30400002
28,0.282
