layer,p
0,0.5
1,0.52400005
2,0.47200003
3,0.48200002
4,0.43
5,0.43800002
6,0.45400003
7,0.46800002
8,0.46400002
9,0.462
10,0.24800001
11,0.28
12,0.224
13,0.194
14,0.13800001
15,0.13800001
16,0.11400001
17,0.112
18,0.108
19,0.116000004
20,0.11000001
21,0.112
22,0.11000001
23,0.108
24,0.11000001
25,0.112
26,0.11000001
27,0.112
28,0.11400001
