layer,p
0,0.5
1,0.53000003
2,0.50600004
3,0.522
4,0.47800002
5,0.49
6,0.504
7,0.492
8,0.53800005
9,0.49400002
10,0.42800003
11,0.42000002
12,0.40600002
13,0.448
14,0.45200002
15,0.462
16,0.43600002
17,0.446
18,0.46600002
19,0.45200002
20,0.446
21,0.45400003
22,0.448
23,0.45600003
24,0.446
25,0.432
26,0.44000003
27,0.47200003
28,0.46800002
