layer,p
0,0.5
1,0.53900003
2,0.47300002
3,0.537
4,0.517
5,0.537
6,0.55300003
7,0.50100005
8,0.535
9,0.54700005
10,0.52500004
11,0.437
12,0.41500002
13,0.647
14,0.83300006
15,0.84900004
16,0.87100005
17,0.90300006
18,0.89500004
19,0.89300007
20,0.897
21,0.89900005
22,0.897
23,0.89500004
24,0.89900005
25,0.89300007
26,0.89900005
27,0.89300007
28,0.90300006
