layer,p
0,0.5
1,0.54700005
2,0.54300004
3,0.59900004
4,0.65300006
5,0.57900006
6,0.57900006
7,0.615
8,0.63900006
9,0.57900006
10,0.679
11,0.72700006
12,0.83500004
13,0.795
14,0.65500003
15,0.565
16,0.82500005
17,0.58900005
18,0.615
19,0.55700004
20,0.48100004
21,0.513
22,0.517
23,0.541
24,0.531
25,0.521
26,0.537
27,0.517
28,0.497
