layer,p
0,0.5
1,0.56100005
2,0.53300005
3,0.509
4,0.625
5,0.549
6,0.61700004
7,0.637
8,0.647
9,0.61700004
10,0.679
11,0.601
12,0.68700004
13,0.689
14,0.78300005
15,0.711
16,0.795
17,0.70900005
18,0.73700005
19,0.76900005
20,0.77500004
21,0.753
22,0.76900005
23,0.78300005
24,0.749
25,0.74500006
26,0.739
27,0.711
28,0.67700005
