layer,p
0,0.5
1,0.508
2,0.564
3,0.586
4,0.61800003
5,0.558
6,0.58400005
7,0.596
8,0.66200006
9,0.66
10,0.75000006
11,0.808
12,0.85800004
13,0.86
14,0.874
15,0.86
16,0.90000004
17,0.90800005
18,0.91400003
19,0.89400005
20,0.892
21,0.90200007
22,0.89800006
23,0.90200007
24,0.89800006
25,0.89400005
26,0.90000004
27,0.89800006
28,0.89000005
