layer,p
0,0.5
1,0.48600003
2,0.48400003
3,0.504
4,0.554
5,0.512
6,0.52400005
7,0.53400004
8,0.518
9,0.49400002
10,0.49400002
11,0.45200002
12,0.56600004
13,0.628
14,0.68200004
15,0.66800004
16,0.73
17,0.68
18,0.606
19,0.68600005
20,0.66
21,0.656
22,0.65800005
23,0.67800003
24,0.67
25,0.68200004
26,0.708
27,0.70000005
28,0.71800005
