layer,p
0,0.5
1,0.541
2,0.551
3,0.531
4,0.665
5,0.555
6,0.63900006
7,0.683
8,0.647
9,0.623
10,0.689
11,0.531
12,0.717
13,0.62700003
14,0.72900003
15,0.71300006
16,0.777
17,0.70900005
18,0.735
19,0.757
20,0.777
21,0.76100004
22,0.77900004
23,0.791
24,0.77300006
25,0.76500005
26,0.763
27,0.75900006
28,0.767
