layer,p
0,0.5
1,0.554
2,0.568
3,0.554
4,0.61200005
5,0.66400003
6,0.62600005
7,0.68600005
8,0.646
9,0.66400003
10,0.67200005
11,0.614
12,0.78400004
13,0.70400006
14,0.78800005
15,0.76600003
16,0.79800004
17,0.80200005
18,0.818
19,0.83000004
20,0.836
21,0.836
22,0.85200006
23,0.85600007
24,0.846
25,0.85400003
26,0.86600006
27,0.846
28,0.82800007
