layer,p
0,0.5
1,0.5
2,0.49600002
3,0.49600002
4,0.528
5,0.53800005
6,0.518
7,0.522
8,0.544
9,0.49400002
10,0.528
11,0.504
12,0.56
13,0.546
14,0.578
15,0.55600005
16,0.57000005
17,0.592
18,0.62
19,0.646
20,0.68200004
21,0.68200004
22,0.674
23,0.65000004
24,0.66400003
25,0.64000005
26,0.66
27,0.67800003
28,0.67200005
