layer,p
0,0.5
1,0.51600003
2,0.526
3,0.54
4,0.64000005
5,0.592
6,0.568
7,0.63600004
8,0.628
9,0.564
10,0.586
11,0.432
12,0.51000005
13,0.40800002
14,0.45400003
15,0.44400004
16,0.49600002
17,0.54200006
18,0.58000004
19,0.61200005
20,0.634
21,0.63000005
22,0.60400003
23,0.614
24,0.614
25,0.65400004
26,0.63000005
27,0.632
28,0.61200005
