layer,p
0,0.5
1,0.50100005
2,0.47700003
3,0.485
4,0.559
5,0.505
6,0.505
7,0.513
8,0.51100004
9,0.523
10,0.53900003
11,0.577
12,0.597
13,0.693
14,0.77500004
15,0.75500005
16,0.81500006
17,0.86500007
18,0.86700004
19,0.87100005
20,0.86700004
21,0.86700004
22,0.859
23,0.86100006
24,0.86500007
25,0.86300004
26,0.86300004
27,0.86100006
28,0.859
