layer,p
0,0.5
1,0.521
2,0.51500005
3,0.527
4,0.597
5,0.535
6,0.577
7,0.55700004
8,0.629
9,0.669
10,0.767
11,0.771
12,0.883
13,0.887
14,0.9110001
15,0.90700006
16,0.915
17,0.919
18,0.91700006
19,0.90700006
20,0.90900004
21,0.90900004
22,0.90900004
23,0.90900004
24,0.90900004
25,0.90700006
26,0.9110001
27,0.91300005
28,0.9110001
