layer,p
0,0.5
1,0.56200004
2,0.54
3,0.57600003
4,0.586
5,0.60800004
6,0.606
7,0.61600006
8,0.62200004
9,0.66
10,0.76600003
11,0.642
12,0.748
13,0.744
14,0.794
15,0.78000003
16,0.78800005
17,0.768
18,0.78200006
19,0.77800006
20,0.8
21,0.79800004
22,0.808
23,0.80200005
24,0.79600006
25,0.794
26,0.78800005
27,0.786
28,0.79
