layer,p
0,0.5
1,0.53800005
2,0.53400004
3,0.5
4,0.568
5,0.58000004
6,0.572
7,0.634
8,0.582
9,0.56600004
10,0.54
11,0.45800003
12,0.648
13,0.62200004
14,0.70000005
15,0.63000005
16,0.71000004
17,0.702
18,0.62200004
19,0.63600004
20,0.67
21,0.656
22,0.66200006
23,0.66400003
24,0.656
25,0.666
26,0.67
27,0.64000005
28,0.648
