layer,p
0,0.5
1,0.48700002
2,0.53900003
3,0.51900005
4,0.591
5,0.53300005
6,0.58900005
7,0.591
8,0.59900004
9,0.63900006
10,0.791
11,0.669
12,0.89900005
13,0.87900007
14,0.869
15,0.82100004
16,0.873
17,0.55300003
18,0.527
19,0.35900003
20,0.351
21,0.35900003
22,0.35900003
23,0.347
24,0.33900002
25,0.34300002
26,0.35700002
27,0.33900002
28,0.321
