layer,p
0,0.5
1,0.537
2,0.47100002
3,0.53300005
4,0.523
5,0.48100004
6,0.48900002
7,0.49100003
8,0.49100003
9,0.507
10,0.47700003
11,0.407
12,0.317
13,0.273
14,0.13100001
15,0.127
16,0.109000005
17,0.087000005
18,0.089
19,0.091000006
20,0.087000005
21,0.089
22,0.087000005
23,0.091000006
24,0.091000006
25,0.091000006
26,0.089
27,0.095000006
28,0.087000005
