layer,p
0,0.5
1,0.54
2,0.55600005
3,0.606
4,0.638
5,0.572
6,0.56200004
7,0.564
8,0.57000005
9,0.60400003
10,0.72400004
11,0.79800004
12,0.896
13,0.89000005
14,0.892
15,0.88400006
16,0.91
17,0.89000005
18,0.8880001
19,0.89000005
20,0.87200004
21,0.878
22,0.88000005
23,0.88600004
24,0.878
25,0.87600005
26,0.878
27,0.86800003
28,0.87000006
