layer,p
0,0.5
1,0.5316667
2,0.52753335
3,0.53073335
4,0.5791333
5,0.5683334
6,0.5676667
7,0.61100006
8,0.5983333
9,0.5935334
10,0.6284667
11,0.57686675
12,0.6766001
13,0.6531334
14,0.68953335
15,0.66700006
16,0.7002
17,0.6967334
18,0.70233333
19,0.7134
20,0.7243334
21,0.72340006
22,0.7288667
23,0.7359334
24,0.7306001
25,0.73393345
26,0.7319334
27,0.7250001
28,0.7227334
