layer,p
0,0.5
1,0.51000005
2,0.504
3,0.544
4,0.586
5,0.53400004
6,0.582
7,0.61
8,0.638
9,0.60400003
10,0.606
11,0.53400004
12,0.61600006
13,0.578
14,0.514
15,0.56200004
16,0.568
17,0.596
18,0.61800003
19,0.638
20,0.65000004
21,0.67200005
22,0.69600004
23,0.748
24,0.734
25,0.75600004
26,0.73800004
27,0.72800004
28,0.72400004
