layer,p
0,0.5
1,0.531
2,0.51500005
3,0.52900004
4,0.59300005
5,0.513
6,0.527
7,0.541
8,0.597
9,0.60700005
10,0.71900004
11,0.671
12,0.80100006
13,0.78300005
14,0.721
15,0.643
16,0.80500007
17,0.47500002
18,0.44500002
19,0.31500003
20,0.29500002
21,0.335
22,0.32500002
23,0.31100002
24,0.30100003
25,0.321
26,0.333
27,0.317
28,0.29900002
