layer,p
0,0.5
1,0.53000003
2,0.56200004
3,0.63000005
4,0.66400003
5,0.572
6,0.55600005
7,0.57600003
8,0.57600003
9,0.59000003
10,0.67800003
11,0.734
12,0.86200005
13,0.832
14,0.72200006
15,0.69600004
16,0.83800006
17,0.592
18,0.62200004
19,0.55
20,0.47200003
21,0.51000005
22,0.51000005
23,0.544
24,0.53000003
25,0.53400004
26,0.558
27,0.54
28,0.532
