layer,p
0,0.5
1,0.507
2,0.503
3,0.505
4,0.527
5,0.48100004
6,0.497
7,0.503
8,0.499
9,0.47900003
10,0.499
11,0.45700002
12,0.46100003
13,0.397
14,0.38700002
15,0.409
16,0.437
17,0.28500003
18,0.291
19,0.303
20,0.323
21,0.33100003
22,0.32700002
23,0.351
24,0.35300002
25,0.35700002
26,0.36100003
27,0.38700002
28,0.38500002
