layer,p
0,0.5
1,0.50353336
2,0.515
3,0.5380667
4,0.5834001
5,0.5334
6,0.5434
7,0.5539333
8,0.59540004
9,0.61046666
10,0.6820668
11,0.68886673
12,0.7732667
13,0.78886664
14,0.83206666
15,0.8286001
16,0.84739995
17,0.8683333
18,0.8723334
19,0.87380004
20,0.8704668
21,0.87006676
22,0.8680667
23,0.8684668
24,0.86980003
25,0.8669999
26,0.86766666
27,0.86660004
28,0.86740005
