layer,p
0,0.5
1,0.555
2,0.569
3,0.62700003
4,0.643
5,0.693
6,0.669
7,0.74700004
8,0.76100004
9,0.771
10,0.83100003
11,0.809
12,0.897
13,0.86300004
14,0.91700006
15,0.87700003
16,0.87700003
17,0.89900005
18,0.90900004
19,0.91300005
20,0.90500003
21,0.90500003
22,0.897
23,0.901
24,0.897
25,0.89500004
26,0.89500004
27,0.89100003
28,0.89100003
