layer,p
0,0.5
1,0.48600003
2,0.514
3,0.56200004
4,0.61600006
5,0.52000004
6,0.55
7,0.58000004
8,0.67800003
9,0.656
10,0.76400006
11,0.78200006
12,0.896
13,0.89400005
14,0.91
15,0.91400003
16,0.93000007
17,0.92
18,0.924
19,0.92800003
20,0.92200005
21,0.92
22,0.92200005
23,0.92
24,0.92
25,0.92
26,0.924
27,0.92
28,0.924
