layer,p
0,0.5
1,0.45000002
2,0.46600002
3,0.45200002
4,0.47000003
5,0.48800004
6,0.48200002
7,0.47800002
8,0.48400003
9,0.492
10,0.51000005
11,0.47200003
12,0.42800003
13,0.30400002
14,0.21200001
15,0.21200001
16,0.22600001
17,0.13000001
18,0.126
19,0.13000001
20,0.142
21,0.15400001
22,0.156
23,0.16800001
24,0.162
25,0.164
26,0.17600001
27,0.186
28,0.18800001
