layer,p
0,0.5
1,0.52500004
2,0.523
3,0.601
4,0.661
5,0.611
6,0.523
7,0.513
8,0.52900004
9,0.62100005
10,0.795
11,0.767
12,0.87100005
13,0.87900007
14,0.90700006
15,0.89900005
16,0.90900004
17,0.91300005
18,0.9110001
19,0.9110001
20,0.89900005
21,0.90700006
22,0.91300005
23,0.90900004
24,0.90700006
25,0.90700006
26,0.90500003
27,0.90500003
28,0.901
