layer,p
0,0.5
1,0.527
2,0.52500004
3,0.59900004
4,0.66300005
5,0.57900006
6,0.503
7,0.507
8,0.521
9,0.591
10,0.78900003
11,0.731
12,0.83500004
13,0.823
14,0.869
15,0.83900005
16,0.88100004
17,0.625
18,0.64100003
19,0.41700003
20,0.337
21,0.38700002
22,0.43500003
23,0.411
24,0.377
25,0.37300003
26,0.39100003
27,0.36100003
28,0.333
