layer,p
0,0.5
1,0.573
2,0.531
3,0.47100002
4,0.541
5,0.55700004
6,0.549
7,0.63500005
8,0.58100003
9,0.52500004
10,0.587
11,0.537
12,0.69100004
13,0.71500003
14,0.75900006
15,0.647
16,0.717
17,0.72700006
18,0.771
19,0.77500004
20,0.81500006
21,0.81500006
22,0.83500004
23,0.83100003
24,0.82500005
25,0.82100004
26,0.81900007
27,0.795
28,0.78300005
