layer,p
0,0.5
1,0.485
2,0.509
3,0.52500004
4,0.59900004
5,0.555
6,0.595
7,0.61700004
8,0.605
9,0.693
10,0.77500004
11,0.753
12,0.88500005
13,0.87700003
14,0.89100003
15,0.88900006
16,0.90900004
17,0.90500003
18,0.90900004
19,0.90700006
20,0.90300006
21,0.901
22,0.901
23,0.89900005
24,0.897
25,0.89100003
26,0.89300007
27,0.887
28,0.88500005
