layer,p
0,0.5
1,0.50200003
2,0.50600004
3,0.526
4,0.52400005
5,0.51000005
6,0.49600002
7,0.61800003
8,0.57000005
9,0.748
10,0.80200005
11,0.80200005
12,0.85400003
13,0.88600004
14,0.91600007
15,0.91400003
16,0.92600006
17,0.924
18,0.93200004
19,0.92800003
20,0.92600006
21,0.92800003
22,0.92800003
23,0.92600006
24,0.92600006
25,0.92600006
26,0.924
27,0.92600006
28,0.92800003
