layer,p
0,0.5
1,0.49
2,0.48200002
3,0.48400003
4,0.42600003
5,0.48000002
6,0.48200002
7,0.492
8,0.53000003
9,0.528
10,0.294
11,0.416
12,0.36800003
13,0.342
14,0.4
15,0.36200002
16,0.256
17,0.40600002
18,0.43
19,0.5
20,0.49800003
21,0.47200003
22,0.46600002
23,0.46800002
24,0.49
25,0.48600003
26,0.47200003
27,0.48000002
28,0.504
