layer,p
0,0.5
1,0.48800004
2,0.48800004
3,0.48000002
4,0.44400004
5,0.45800003
6,0.43600002
7,0.4
8,0.41400003
9,0.418
10,0.34
11,0.39400002
12,0.358
13,0.33600003
14,0.31
15,0.34600002
16,0.33600003
17,0.34600002
18,0.328
19,0.324
20,0.31800002
21,0.314
22,0.30800003
23,0.31800002
24,0.31800002
25,0.31800002
26,0.31
27,0.30800003
28,0.32200003
