layer,p
0,0.5
1,0.53800005
2,0.54
3,0.54
4,0.56600004
5,0.49800003
6,0.47000003
7,0.49600002
8,0.554
9,0.53000003
10,0.56200004
11,0.59000003
12,0.71400005
13,0.716
14,0.76600003
15,0.78400004
16,0.84200007
17,0.87200004
18,0.86800003
19,0.86800003
20,0.86200005
21,0.85800004
22,0.85
23,0.85400003
24,0.85400003
25,0.85400003
26,0.85600007
27,0.85200006
28,0.86
