layer,p
0,0.5
1,0.51100004
2,0.51500005
3,0.50100005
4,0.52500004
5,0.53900003
6,0.531
7,0.541
8,0.54700005
9,0.52900004
10,0.517
11,0.509
12,0.523
13,0.56100005
14,0.717
15,0.72900003
16,0.795
17,0.84900004
18,0.873
19,0.86500007
20,0.86300004
21,0.869
22,0.869
23,0.87100005
24,0.87700003
25,0.85300004
26,0.859
27,0.86700004
28,0.86500007
