layer,p
0,0.5
1,0.49800003
2,0.48200002
3,0.532
4,0.61
5,0.508
6,0.59000003
7,0.55600005
8,0.66200006
9,0.674
10,0.836
11,0.78400004
12,0.88000005
13,0.86
14,0.89800006
15,0.89400005
16,0.91400003
17,0.91600007
18,0.92200005
19,0.92
20,0.924
21,0.92
22,0.92
23,0.91800004
24,0.92200005
25,0.91800004
26,0.92
27,0.92
28,0.91400003
