layer,p
0,0.5
1,0.53400004
2,0.54800004
3,0.526
4,0.54800004
5,0.47200003
6,0.43600002
7,0.47000003
8,0.51600003
9,0.48600003
10,0.59000003
11,0.514
12,0.51000005
13,0.33800003
14,0.24800001
15,0.23600002
16,0.26000002
17,0.156
18,0.16600001
19,0.142
20,0.13800001
21,0.14600001
22,0.134
23,0.15
24,0.14
25,0.148
26,0.15
27,0.15400001
28,0.16600001
