layer,p
0,0.5
1,0.563
2,0.563
3,0.61700004
4,0.643
5,0.62100005
6,0.60300004
7,0.669
8,0.671
9,0.665
10,0.795
11,0.83300006
12,0.919
13,0.92100006
14,0.933
15,0.943
16,0.94100004
17,0.943
18,0.93900007
19,0.93900007
20,0.93900007
21,0.93900007
22,0.943
23,0.94100004
24,0.94100004
25,0.94100004
26,0.94100004
27,0.94100004
28,0.94100004
