layer,p
0,0.5
1,0.509
2,0.47700003
3,0.49300003
4,0.56700003
5,0.46500003
6,0.49500003
7,0.47500002
8,0.48700002
9,0.483
10,0.48100004
11,0.505
12,0.365
13,0.245
14,0.21700001
15,0.20300001
16,0.279
17,0.22500001
18,0.22100002
19,0.231
20,0.23900001
21,0.23900001
22,0.24700001
23,0.24300002
24,0.25100002
25,0.24700001
26,0.24700001
27,0.24300002
28,0.23900001
