layer,p
0,0.3333334
1,0.307
2,0.277
3,0.351
4,0.32533333
5,0.3406667
6,0.3126667
7,0.30600002
8,0.34300002
9,0.337
10,0.342
11,0.34933335
12,0.31633335
13,0.31033334
14,0.32233337
15,0.32500002
16,0.34800002
17,0.35733336
18,0.34533337
19,0.34633332
20,0.35133332
21,0.35000002
22,0.35533336
23,0.34566668
24,0.34533334
25,0.34366667
26,0.33100003
27,0.33433333
28,0.31533334
