layer,p
0,0.3333334
1,0.36800003
2,0.3846667
3,0.36233333
4,0.43633336
5,0.32033333
6,0.31500003
7,0.33400002
8,0.31033334
9,0.289
10,0.29233336
11,0.3316667
12,0.36566672
13,0.40833336
14,0.45400003
15,0.45333335
16,0.4446667
17,0.46300003
18,0.45933336
19,0.4516667
20,0.46133336
21,0.46500003
22,0.48333338
23,0.483
24,0.5036667
25,0.48733336
26,0.48400003
27,0.49300003
28,0.52533334
