layer,p
0,0.3333334
1,0.36166668
2,0.3846667
3,0.37033334
4,0.425
5,0.31133336
6,0.30600002
7,0.3226667
8,0.291
9,0.28133336
10,0.29133335
11,0.32233337
12,0.307
13,0.30900002
14,0.28500003
15,0.28133336
16,0.268
17,0.254
18,0.24466667
19,0.25
20,0.2486667
21,0.25633332
22,0.252
23,0.24866667
24,0.24800001
25,0.23400001
26,0.23933336
27,0.24200001
28,0.22066666
