layer,p
0,0.3333334
1,0.29700002
2,0.26766667
3,0.33866668
4,0.30833334
5,0.30633333
6,0.29700002
7,0.29700002
8,0.34133333
9,0.34566668
10,0.35533333
11,0.344
12,0.38233337
13,0.40033337
14,0.44500002
15,0.45200002
16,0.46266672
17,0.47533336
18,0.47033337
19,0.47100002
20,0.46433336
21,0.46733338
22,0.47533336
23,0.49933338
24,0.50200003
25,0.49533337
26,0.4866667
27,0.49533337
28,0.52000004
