layer,p
0,0.5
1,0.497
2,0.503
3,0.485
4,0.43500003
5,0.43500003
6,0.453
7,0.441
8,0.44500002
9,0.513
10,0.527
11,0.541
12,0.53900003
13,0.549
14,0.517
15,0.531
16,0.545
17,0.521
18,0.503
19,0.52500004
20,0.535
21,0.523
22,0.52900004
23,0.523
24,0.523
25,0.52900004
26,0.52500004
27,0.517
28,0.52500004
