layer,p
0,0.5
1,0.49600002
2,0.48600003
3,0.512
4,0.47000003
5,0.47800002
6,0.46600002
7,0.49800003
8,0.49
9,0.47400004
10,0.508
11,0.50200003
12,0.508
13,0.53000003
14,0.49
15,0.47000003
16,0.45800003
17,0.43600002
18,0.44400004
19,0.4205
20,0.4205
21,0.42400002
22,0.41750002
23,0.42200002
24,0.41000003
25,0.402
26,0.41000003
27,0.4
28,0.39400002
