layer,p
0,0.3333334
1,0.28666666
2,0.29200003
3,0.34500003
4,0.30233333
5,0.312
6,0.3176667
7,0.32566667
8,0.287
9,0.30100003
10,0.365
11,0.291
12,0.296
13,0.27833337
14,0.289
15,0.2926667
16,0.27533332
17,0.31233335
18,0.30733332
19,0.29866672
20,0.31966668
21,0.30200002
22,0.29533336
23,0.28133333
24,0.2876667
25,0.317
26,0.2886667
27,0.27366668
28,0.26000002
