layer,p
0,0.5
1,0.49400002
2,0.49
3,0.512
4,0.46600002
5,0.48200002
6,0.46800002
7,0.504
8,0.512
9,0.47800002
10,0.526
11,0.532
12,0.522
13,0.59000003
14,0.632
15,0.61
16,0.62200004
17,0.65800005
18,0.65800005
19,0.66400003
20,0.67200005
21,0.66800004
22,0.6725
23,0.67
24,0.666
25,0.656
26,0.652
27,0.652
28,0.648
