pic,p
0,1.033
1,1.0749999
2,1.021
3,1.051
4,1.0770001
5,1.074
6,1.2010001
7,1.2060001
8,1.207
9,1.171
10,1.211
11,1.2590001
12,1.2470001
13,1.3070002
14,1.2930001
15,1.352
16,1.459
17,1.3700001
18,1.3470001
19,1.391
20,1.4160001
21,1.3670001
22,1.517
23,1.47
24,1.414
25,1.4320002
26,1.519
27,1.4450002
28,1.6220001
29,1.4640001
30,1.513
31,1.612
32,1.5799999
33,1.5620002
34,1.609
35,1.5330001
36,1.5979998
37,1.588
38,1.5310001
39,1.5510001
