pic,p
0,1.087
1,0.9340001
2,0.934
3,1.0059999
4,0.915
5,0.8770001
6,1.066
7,1.0350001
8,1.0560001
9,1.0860001
10,1.052
11,1.098
12,1.081
13,1.1
14,1.1000001
15,1.117
16,1.1940001
17,1.1040001
18,1.2040001
19,1.1620001
20,1.161
21,1.161
22,1.163
23,1.108
24,1.1170001
25,1.228
26,1.197
27,1.2430001
28,1.2670001
29,1.1890001
30,1.2350001
31,1.248
32,1.2880001
33,1.2580001
34,1.2980001
35,1.3210001
36,1.2930001
37,1.3230001
38,1.371
39,1.303
