layer,p
0,0.5
1,0.48100004
2,0.505
3,0.42900002
4,0.47700003
5,0.513
6,0.52900004
7,0.537
8,0.56100005
9,0.559
10,0.611
11,0.61300004
12,0.583
13,0.57100004
14,0.58100003
15,0.58900005
16,0.597
17,0.58100003
18,0.587
19,0.591
20,0.58900005
21,0.597
22,0.583
23,0.58500004
24,0.587
25,0.56700003
26,0.573
27,0.569
28,0.55300003
