layer,p
0,0.5
1,0.57600003
2,0.522
3,0.528
4,0.52400005
5,0.53400004
6,0.54800004
7,0.518
8,0.514
9,0.54
10,0.476
11,0.40800002
12,0.36
13,0.448
14,0.48600003
15,0.47000003
16,0.46
17,0.4
18,0.374
19,0.39000002
20,0.37800002
21,0.36800003
22,0.36400002
23,0.354
24,0.356
25,0.354
26,0.36800003
27,0.404
28,0.39600003
