layer,p
0,0.5
1,0.49906665
2,0.50679994
3,0.538
4,0.58346665
5,0.5306667
6,0.5374334
7,0.5522667
8,0.57346666
9,0.58626676
10,0.6684001
11,0.6569334
12,0.72586673
13,0.7101334
14,0.71746665
15,0.7061333
16,0.7614667
17,0.73480004
18,0.74719995
19,0.7205334
20,0.7033333
21,0.7135667
22,0.7101334
23,0.7120001
24,0.7082668
25,0.70266664
26,0.7088
27,0.70119995
28,0.69586676
