layer,p
0,0.3333334
1,0.3036667
2,0.277
3,0.36800003
4,0.32433337
5,0.3193333
6,0.30133337
7,0.27633333
8,0.33400002
9,0.3526667
10,0.356
11,0.33900002
12,0.354
13,0.36800003
14,0.38933337
15,0.386
16,0.39900002
17,0.40300003
18,0.40733337
19,0.40633336
20,0.41033334
21,0.40933332
22,0.41733336
23,0.4296667
24,0.43600002
25,0.41966668
26,0.41533333
27,0.4136667
28,0.42333335
