layer,p
0,0.5
1,0.513
2,0.52500004
3,0.523
4,0.469
5,0.47900003
6,0.47300002
7,0.49100003
8,0.485
9,0.46300003
10,0.527
11,0.50100005
12,0.47300002
13,0.51100004
14,0.545
15,0.52900004
16,0.51500005
17,0.537
18,0.53900003
19,0.51750004
20,0.54700005
21,0.551
22,0.54050004
23,0.54300004
24,0.545
25,0.53300005
26,0.53900003
27,0.537
28,0.537
