layer,p
0,0.3333334
1,0.342
2,0.3776667
3,0.326
4,0.404
5,0.3166667
6,0.30833337
7,0.333
8,0.31033334
9,0.2823333
10,0.27733332
11,0.33666667
12,0.342
13,0.36533332
14,0.37300003
15,0.365
16,0.34800002
17,0.34933335
18,0.34633332
19,0.3416667
20,0.35200003
21,0.34833333
22,0.358
23,0.35000002
24,0.36233336
25,0.3376667
26,0.34233332
27,0.3476667
28,0.36333337
